timestamp_s,altitude_ft,airspeed_kts,engine_rpm,engine_temp_c,vibration_g
0.0,14998.56,244.57,2166.55,182.08,0.2301
1.0,15038.29,246.49,2179.88,182.46,0.242
2.0,15108.03,248.47,2195.24,183.18,0.248
3.0,15146.38,249.18,2207.64,183.69,0.2512
4.0,15210.31,249.13,2210.41,184.26,0.2499
5.0,15248.05,250.86,2216.68,184.67,0.2404
6.0,15298.08,250.02,2209.8,184.43,0.2369
7.0,15339.18,251.32,2213.4,184.93,0.2374
8.0,15363.41,250.5,2215.32,184.85,0.2464
9.0,15397.38,250.67,2213.88,184.24,0.2525
10.0,15414.58,250.13,2209.73,184.87,0.2608
11.0,15429.71,249.89,2214.2,184.02,0.2685
12.0,15472.74,249.12,2207.12,183.38,0.2671
13.0,15458.63,249.14,2215.78,183.12,0.2598
14.0,15490.83,250.71,2222.47,182.76,0.2479
15.0,15486.66,250.31,2225.86,182.7,0.2427
16.0,15496.33,250.2,2229.44,182.27,0.2368
17.0,15515.62,251.86,2241.71,182.63,0.24
18.0,15530.14,252.49,2247.75,182.3,0.2466
19.0,15531.43,253.45,2249.47,183.32,0.2488
20.0,15552.87,253.37,2247.54,182.59,0.25
21.0,15561.85,254.14,2247.36,182.45,0.2468
22.0,15565.48,253.34,2236.54,183.41,0.2388
23.0,15563.39,253.09,2233.17,183.51,0.2226
24.0,15590.63,251.92,2218.85,183.46,0.2149
25.0,15606.9,253.05,2207.66,184.33,0.2051
26.0,15624.03,250.64,2201.28,183.42,0.2098
27.0,15650.27,249.99,2188.93,183.81,0.2105
28.0,15651.14,247.76,2179.13,184.15,0.2143
29.0,15685.61,245.34,2173.83,183.25,0.2176
30.0,15714.48,245.04,2169.22,182.81,0.2121
31.0,15720.59,243.67,2175.22,182.1,0.203
32.0,15741.44,243.74,2172.77,182.06,0.1909
33.0,15735.45,242.99,2176.3,180.74,0.1826
34.0,15756.11,242.4,2165.46,180.07,0.1784
35.0,15739.35,243.19,2169.25,178.99,0.1813
36.0,15739.86,241.83,2163.05,178.63,0.1851
37.0,15738.3,243.04,2151.51,178.2,0.1953
38.0,15711.92,242.9,2142.38,178.3,0.1932
39.0,15706.74,242.21,2129.39,177.83,0.1954
40.0,15697.91,241.59,2117.21,176.87,0.1882
41.0,15647.15,240.85,2103.48,176.24,0.1862
42.0,15611.66,240.94,2087.88,176.9,0.1835
43.0,15567.84,237.62,2079.56,176.96,0.1789
44.0,15549.74,236.81,2069.59,176.73,0.1862
45.0,15499.63,234.15,2070.64,177.32,0.1981
46.0,15457.38,233.9,2066.33,176.67,0.2045
47.0,15413.02,232.58,2070.34,176.54,0.2101
48.0,15352.86,231.35,2068.11,176.67,0.2145
49.0,15337.02,230.04,2081.85,176.44,0.2095
50.0,15273.97,230.28,2085.12,176.39,0.2132
51.0,15241.39,229.44,2084.99,175.77,0.2088
52.0,15220.22,228.24,2082.83,175.46,0.2083
53.0,15157.81,227.97,2076.13,174.73,0.2146
54.0,15143.68,229.26,2074.06,173.53,0.2271
55.0,15115.59,230.77,2074.65,173.44,0.2408
56.0,15084.72,230.17,2064.8,172.7,0.2416
57.0,15064.04,230.97,2059.94,172.08,0.2488
58.0,15057.8,230.9,2055.8,171.62,0.2449
59.0,15007.35,230.61,2056.31,171.96,0.2418
60.0,15010.34,229.83,2060.0,170.8,0.237
61.0,14984.19,229.16,2069.12,171.17,0.2335
62.0,14964.9,228.61,2071.27,171.14,0.2443
63.0,14917.13,227.35,2084.14,171.51,0.2566
64.0,14931.95,226.06,2096.16,170.77,0.2649
65.0,14890.64,226.01,2112.31,171.84,0.2627
66.0,14862.71,225.92,2118.35,171.87,0.2681
67.0,14814.47,226.52,2133.56,172.15,0.2594
68.0,14796.87,226.24,2137.91,172.8,0.2482
69.0,14775.91,227.81,2140.79,172.91,0.2412
70.0,14731.59,228.23,2145.65,173.31,0.241
71.0,14677.04,230.01,2144.89,173.8,0.2433
72.0,14634.41,230.42,2142.82,173.42,0.2454
73.0,14600.67,232.33,2150.58,174.33,0.2525
74.0,14532.76,233.49,2146.9,173.12,0.2531
75.0,14507.89,234.65,2147.95,173.2,0.2525
76.0,14461.57,235.41,2154.68,173.52,0.2377
77.0,14428.28,237.07,2166.16,173.45,0.2261
78.0,14397.99,236.6,2173.16,173.21,0.2187
79.0,14353.5,236.58,2188.14,172.52,0.2098
80.0,14318.02,237.48,2192.95,172.76,0.2121
81.0,14294.37,237.91,2213.65,172.52,0.2142
82.0,14287.91,236.34,2221.9,172.67,0.2194
83.0,14269.04,237.35,2235.01,173.21,0.219
84.0,14246.07,238.04,2238.92,173.99,0.213
85.0,14254.83,238.11,2239.57,174.09,0.2013
86.0,14264.09,239.38,2242.68,175.38,0.1927
87.0,14261.23,240.11,2242.1,174.88,0.1851
88.0,14256.59,239.93,2225.59,175.71,0.1823
89.0,14275.64,242.9,2222.96,177.05,0.1799
90.0,14313.18,244.08,2219.42,177.62,0.188
91.0,14331.84,246.36,2214.71,178.07,0.1931
92.0,14343.62,248.0,2216.52,179.07,0.1964
93.0,14354.28,249.14,2222.16,179.25,0.1948
94.0,14364.29,250.41,2218.44,179.74,0.1853
95.0,14403.57,249.83,2221.86,180.2,0.1787
96.0,14409.55,250.97,2225.67,180.43,0.1789
97.0,14406.34,250.05,2235.01,179.68,0.175
98.0,14441.38,251.09,2234.25,180.09,0.18
99.0,14465.3,249.98,2235.84,179.85,0.1916
100.0,14461.38,249.73,2228.66,180.19,0.2044
101.0,14474.81,249.87,2227.91,180.19,0.2091
102.0,14482.83,249.69,2216.36,179.63,0.2103
103.0,14469.65,249.12,2205.83,180.39,0.2076
104.0,14505.71,249.31,2188.58,179.77,0.2008
105.0,14491.36,250.12,2177.79,180.65,0.2004
106.0,14525.42,251.01,2164.05,180.78,0.2016
107.0,14510.72,251.55,2158.85,181.33,0.2098
108.0,14552.44,250.55,2147.5,181.91,0.2214
109.0,14573.22,253.29,2140.5,182.42,0.2334
110.0,14575.6,252.52,2142.21,183.35,0.2438
111.0,14595.18,254.89,2142.74,183.68,0.2427
112.0,14627.06,253.92,2133.88,184.14,0.2439
113.0,14654.51,254.55,2141.23,184.23,0.234
114.0,14704.77,252.05,2134.74,184.17,0.2332
115.0,14767.57,251.01,2131.97,184.72,0.2362
116.0,14792.76,251.61,2128.38,185.14,0.2426
117.0,14838.41,248.26,2121.17,185.15,0.2515
118.0,14898.05,247.34,2111.83,185.55,0.2583
119.0,14964.11,246.13,2096.99,185.48,0.2661
